cod_ibge;municipio;nome_ra;cod_ra;cod_drs;nome_drs;nome_rm
3500000;Estado sem especificação;Estado sem especificação;Estado sem especificação;Estado sem especificação;Estado sem especificação;Estado sem especificação
3500105;Adamantina;RA de Presidente Prudente;9;5;Marília;Demais municípios
3500204;Adolfo;RA de São José do Rio Preto;14;15;São José do Rio Preto;Demais municípios
3500303;Aguaí;RA de Campinas;4;14;São João da Boa Vista;Demais municípios
3500402;Águas da Prata;RA de Campinas;4;14;São João da Boa Vista;Demais municípios
3500501;Águas de Lindóia;RA de Campinas;4;3;Campinas;Demais municípios
3500550;Águas de Santa Bárbara;RA de Sorocaba;13;12;Bauru;Demais municípios
3500600;Águas de São Pedro;RA de Campinas;4;11;Piracicaba;Demais municípios
3500709;Agudos;RA de Bauru;3;12;Bauru;Demais municípios
3500758;Alambari;RA de Sorocaba;13;6;Sorocaba;RM de Sorocaba
3500808;Alfredo Marcondes;RA de Presidente Prudente;9;2;Presidente Prudente;Demais municípios
3500907;Altair;RA de Barretos;2;16;Barretos;Demais municípios
3501004;Altinópolis;RA de Ribeirão Preto;11;1;Ribeirão Preto;RM de Ribeirão Preto
3501103;Alto Alegre;RA de Araçatuba;1;7;Araçatuba;Demais municípios
3501152;Alumínio;RA de Sorocaba;13;6;Sorocaba;RM de Sorocaba
3501202;Álvares Florence;RA de São José do Rio Preto;14;15;São José do Rio Preto;Demais municípios
3501301;Álvares Machado;RA de Presidente Prudente;9;2;Presidente Prudente;Demais municípios
3501400;Álvaro de Carvalho;RA de Marília;8;5;Marília;Demais municípios
3501509;Alvinlândia;RA de Marília;8;5;Marília;Demais municípios
3501608;Americana;RA de Campinas;4;3;Campinas;RM de Campinas
3501707;Américo Brasiliense;RA Central;5;8;Araraquara;Demais municípios
3501806;Américo de Campos;RA de São José do Rio Preto;14;15;São José do Rio Preto;Demais municípios
3501905;Amparo;RA de Campinas;4;3;Campinas;Demais municípios
3502002;Analândia;RA de Campinas;4;11;Piracicaba;Demais municípios
3502101;Andradina;RA de Araçatuba;1;7;Araçatuba;Demais municípios
3502200;Angatuba;RA de Itapeva;7;6;Sorocaba;Demais municípios
3502309;Anhembi;RA de Sorocaba;13;12;Bauru;Demais municípios
3502408;Anhumas;RA de Presidente Prudente;9;2;Presidente Prudente;Demais municípios
3502507;Aparecida;RA de São José dos Campos;15;17;Taubaté;RM do Vale do Paraíba e Litoral Norte
3502606;Aparecida d'Oeste;RA de São José do Rio Preto;14;15;São José do Rio Preto;Demais municípios
3502705;Apiaí;RA de Itapeva;7;6;Sorocaba;Demais municípios
3502754;Araçariguama;RA de Sorocaba;13;6;Sorocaba;RM de Sorocaba
3502804;Araçatuba;RA de Araçatuba;1;7;Araçatuba;Demais municípios
3502903;Araçoiaba da Serra;RA de Sorocaba;13;6;Sorocaba;RM de Sorocaba
3503000;Aramina;RA de Franca;6;4;Franca;Demais municípios
3503109;Arandu;RA de Itapeva;7;12;Bauru;Demais municípios
3503158;Arapeí;RA de São José dos Campos;15;17;Taubaté;RM do Vale do Paraíba e Litoral Norte
3503208;Araraquara;RA Central;5;8;Araraquara;Demais municípios
3503307;Araras;RA de Campinas;4;11;Piracicaba;Demais municípios
3503356;Arco-Íris;RA de Marília;8;5;Marília;Demais municípios
3503406;Arealva;RA de Bauru;3;12;Bauru;Demais municípios
3503505;Areias;RA de São José dos Campos;15;17;Taubaté;RM do Vale do Paraíba e Litoral Norte
3503604;Areiópolis;RA de Sorocaba;13;12;Bauru;Demais municípios
3503703;Ariranha;RA de São José do Rio Preto;14;15;São José do Rio Preto;Demais municípios
3503802;Artur Nogueira;RA de Campinas;4;3;Campinas;RM de Campinas
3503901;Arujá;Região Metropolitana de São Paulo;10;10;Grande São Paulo;RM de São Paulo
3503950;Aspásia;RA de São José do Rio Preto;14;15;São José do Rio Preto;Demais municípios
3504008;Assis;RA de Marília;8;5;Marília;Demais municípios
3504107;Atibaia;RA de Campinas;4;3;Campinas;Demais municípios
3504206;Auriflama;RA de Araçatuba;1;7;Araçatuba;Demais municípios
3504305;Avaí;RA de Bauru;3;12;Bauru;Demais municípios
3504404;Avanhandava;RA de Araçatuba;1;7;Araçatuba;Demais municípios
3504503;Avaré;RA de Sorocaba;13;12;Bauru;Demais municípios
3504602;Bady Bassitt;RA de São José do Rio Preto;14;15;São José do Rio Preto;Demais municípios
3504701;Balbinos;RA de Bauru;3;12;Bauru;Demais municípios
3504800;Bálsamo;RA de São José do Rio Preto;14;15;São José do Rio Preto;Demais municípios
3504909;Bananal;RA de São José dos Campos;15;17;Taubaté;RM do Vale do Paraíba e Litoral Norte
3505005;Barão de Antonina;RA de Itapeva;7;12;Bauru;Demais municípios
3505104;Barbosa;RA de Araçatuba;1;7;Araçatuba;Demais municípios
3505203;Bariri;RA de Bauru;3;12;Bauru;Demais municípios
3505302;Barra Bonita;RA de Bauru;3;12;Bauru;Demais municípios
3505351;Barra do Chapéu;RA de Itapeva;7;6;Sorocaba;Demais municípios
3505401;Barra do Turvo;RA de Registro;16;9;Registro;Demais municípios
3505500;Barretos;RA de Barretos;2;16;Barretos;Demais municípios
3505609;Barrinha;RA de Ribeirão Preto;11;1;Ribeirão Preto;RM de Ribeirão Preto
3505708;Barueri;Região Metropolitana de São Paulo;10;10;Grande São Paulo;RM de São Paulo
3505807;Bastos;RA de Marília;8;5;Marília;Demais municípios
3505906;Batatais;RA de Franca;6;1;Ribeirão Preto;RM de Ribeirão Preto
3506003;Bauru;RA de Bauru;3;12;Bauru;Demais municípios
3506102;Bebedouro;RA de Barretos;2;16;Barretos;Demais municípios
3506201;Bento de Abreu;RA de Araçatuba;1;7;Araçatuba;Demais municípios
3506300;Bernardino de Campos;RA de Marília;8;5;Marília;Demais municípios
3506359;Bertioga;RA de Santos;12;13;Baixada Santista;RM da Baixada Santista
3506409;Bilac;RA de Araçatuba;1;7;Araçatuba;Demais municípios
3506508;Birigui;RA de Araçatuba;1;7;Araçatuba;Demais municípios
3506607;Biritiba Mirim;Região Metropolitana de São Paulo;10;10;Grande São Paulo;RM de São Paulo
3506706;Boa Esperança do Sul;RA Central;5;8;Araraquara;Demais municípios
3506805;Bocaina;RA de Bauru;3;12;Bauru;Demais municípios
3506904;Bofete;RA de Sorocaba;13;12;Bauru;Demais municípios
3507001;Boituva;RA de Sorocaba;13;6;Sorocaba;RM de Sorocaba
3507100;Bom Jesus dos Perdões;RA de Campinas;4;3;Campinas;Demais municípios
3507159;Bom Sucesso de Itararé;RA de Itapeva;7;6;Sorocaba;Demais municípios
3507209;Borá;RA de Marília;8;5;Marília;Demais municípios
3507308;Boracéia;RA de Bauru;3;12;Bauru;Demais municípios
3507407;Borborema;RA Central;5;8;Araraquara;Demais municípios
3507456;Borebi;RA de Bauru;3;12;Bauru;Demais municípios
3507506;Botucatu;RA de Sorocaba;13;12;Bauru;Demais municípios
3507605;Bragança Paulista;RA de Campinas;4;3;Campinas;Demais municípios
3507704;Braúna;RA de Araçatuba;1;7;Araçatuba;Demais municípios
3507753;Brejo Alegre;RA de Araçatuba;1;7;Araçatuba;Demais municípios
3507803;Brodowski;RA de Ribeirão Preto;11;1;Ribeirão Preto;RM de Ribeirão Preto
3507902;Brotas;RA de Campinas;4;12;Bauru;Demais municípios
3508009;Buri;RA de Itapeva;7;6;Sorocaba;Demais municípios
3508108;Buritama;RA de Araçatuba;1;7;Araçatuba;Demais municípios
3508207;Buritizal;RA de Franca;6;4;Franca;Demais municípios
3508306;Cabrália Paulista;RA de Bauru;3;12;Bauru;Demais municípios
3508405;Cabreúva;RA de Campinas;4;3;Campinas;Demais municípios
3508504;Caçapava;RA de São José dos Campos;15;17;Taubaté;RM do Vale do Paraíba e Litoral Norte
3508603;Cachoeira Paulista;RA de São José dos Campos;15;17;Taubaté;RM do Vale do Paraíba e Litoral Norte
3508702;Caconde;RA de Campinas;4;14;São João da Boa Vista;Demais municípios
3508801;Cafelândia;RA de Bauru;3;12;Bauru;Demais municípios
3508900;Caiabu;RA de Presidente Prudente;9;2;Presidente Prudente;Demais municípios
3509007;Caieiras;Região Metropolitana de São Paulo;10;10;Grande São Paulo;RM de São Paulo
3509106;Caiuá;RA de Presidente Prudente;9;2;Presidente Prudente;Demais municípios
3509205;Cajamar;Região Metropolitana de São Paulo;10;10;Grande São Paulo;RM de São Paulo
3509254;Cajati;RA de Registro;16;9;Registro;Demais municípios
3509304;Cajobi;RA de Barretos;2;16;Barretos;Demais municípios
3509403;Cajuru;RA de Ribeirão Preto;11;1;Ribeirão Preto;RM de Ribeirão Preto
3509452;Campina do Monte Alegre;RA de Itapeva;7;6;Sorocaba;Demais municípios
3509502;Campinas;RA de Campinas;4;3;Campinas;RM de Campinas
3509601;Campo Limpo Paulista;RA de Campinas;4;3;Campinas;Demais municípios
3509700;Campos do Jordão;RA de São José dos Campos;15;17;Taubaté;RM do Vale do Paraíba e Litoral Norte
3509809;Campos Novos Paulista;RA de Marília;8;5;Marília;Demais municípios
3509908;Cananéia;RA de Registro;16;9;Registro;Demais municípios
3509957;Canas;RA de São José dos Campos;15;17;Taubaté;RM do Vale do Paraíba e Litoral Norte
3510005;Cândido Mota;RA de Marília;8;5;Marília;Demais municípios
3510104;Cândido Rodrigues;RA Central;5;8;Araraquara;Demais municípios
3510153;Canitar;RA de Marília;8;5;Marília;Demais municípios
3510203;Capão Bonito;RA de Itapeva;7;6;Sorocaba;Demais municípios
3510302;Capela do Alto;RA de Sorocaba;13;6;Sorocaba;RM de Sorocaba
3510401;Capivari;RA de Campinas;4;11;Piracicaba;Demais municípios
3510500;Caraguatatuba;RA de São José dos Campos;15;17;Taubaté;RM do Vale do Paraíba e Litoral Norte
3510609;Carapicuíba;Região Metropolitana de São Paulo;10;10;Grande São Paulo;RM de São Paulo
3510708;Cardoso;RA de São José do Rio Preto;14;15;São José do Rio Preto;Demais municípios
3510807;Casa Branca;RA de Campinas;4;14;São João da Boa Vista;Demais municípios
3510906;Cássia dos Coqueiros;RA de Ribeirão Preto;11;1;Ribeirão Preto;RM de Ribeirão Preto
3511003;Castilho;RA de Araçatuba;1;7;Araçatuba;Demais municípios
3511102;Catanduva;RA de São José do Rio Preto;14;15;São José do Rio Preto;Demais municípios
3511201;Catiguá;RA de São José do Rio Preto;14;15;São José do Rio Preto;Demais municípios
3511300;Cedral;RA de São José do Rio Preto;14;15;São José do Rio Preto;Demais municípios
3511409;Cerqueira César;RA de Sorocaba;13;12;Bauru;Demais municípios
3511508;Cerquilho;RA de Sorocaba;13;6;Sorocaba;RM de Sorocaba
3511607;Cesário Lange;RA de Sorocaba;13;6;Sorocaba;RM de Sorocaba
3511706;Charqueada;RA de Campinas;4;11;Piracicaba;Demais municípios
3511904;Clementina;RA de Araçatuba;1;7;Araçatuba;Demais municípios
3512001;Colina;RA de Barretos;2;16;Barretos;Demais municípios
3512100;Colômbia;RA de Barretos;2;16;Barretos;Demais municípios
3512209;Conchal;RA de Campinas;4;11;Piracicaba;Demais municípios
3512308;Conchas;RA de Sorocaba;13;12;Bauru;Demais municípios
3512407;Cordeirópolis;RA de Campinas;4;11;Piracicaba;Demais municípios
3512506;Coroados;RA de Araçatuba;1;7;Araçatuba;Demais municípios
3512605;Coronel Macedo;RA de Itapeva;7;12;Bauru;Demais municípios
3512704;Corumbataí;RA de Campinas;4;11;Piracicaba;Demais municípios
3512803;Cosmópolis;RA de Campinas;4;3;Campinas;RM de Campinas
3512902;Cosmorama;RA de São José do Rio Preto;14;15;São José do Rio Preto;Demais municípios
3513009;Cotia;Região Metropolitana de São Paulo;10;10;Grande São Paulo;RM de São Paulo
3513108;Cravinhos;RA de Ribeirão Preto;11;1;Ribeirão Preto;RM de Ribeirão Preto
3513207;Cristais Paulista;RA de Franca;6;4;Franca;Demais municípios
3513306;Cruzália;RA de Marília;8;5;Marília;Demais municípios
3513405;Cruzeiro;RA de São José dos Campos;15;17;Taubaté;RM do Vale do Paraíba e Litoral Norte
3513504;Cubatão;RA de Santos;12;13;Baixada Santista;RM da Baixada Santista
3513603;Cunha;RA de São José dos Campos;15;17;Taubaté;RM do Vale do Paraíba e Litoral Norte
3513702;Descalvado;RA Central;5;8;Araraquara;Demais municípios
3513801;Diadema;Região Metropolitana de São Paulo;10;10;Grande São Paulo;RM de São Paulo
3513850;Dirce Reis;RA de São José do Rio Preto;14;15;São José do Rio Preto;Demais municípios
3513900;Divinolândia;RA de Campinas;4;14;São João da Boa Vista;Demais municípios
3514007;Dobrada;RA Central;5;8;Araraquara;Demais municípios
3514106;Dois Córregos;RA de Bauru;3;12;Bauru;Demais municípios
3514205;Dolcinópolis;RA de São José do Rio Preto;14;15;São José do Rio Preto;Demais municípios
3514304;Dourado;RA Central;5;8;Araraquara;Demais municípios
3514403;Dracena;RA de Presidente Prudente;9;2;Presidente Prudente;Demais municípios
3514502;Duartina;RA de Bauru;3;12;Bauru;Demais municípios
3514601;Dumont;RA de Ribeirão Preto;11;1;Ribeirão Preto;RM de Ribeirão Preto
3514700;Echaporã;RA de Marília;8;5;Marília;Demais municípios
3514809;Eldorado;RA de Registro;16;9;Registro;Demais municípios
3514908;Elias Fausto;RA de Campinas;4;11;Piracicaba;Demais municípios
3514924;Elisiário;RA de São José do Rio Preto;14;15;São José do Rio Preto;Demais municípios
3514957;Embaúba;RA de Barretos;2;15;São José do Rio Preto;Demais municípios
3515004;Embu das Artes;Região Metropolitana de São Paulo;10;10;Grande São Paulo;RM de São Paulo
3515103;Embu-Guaçu;Região Metropolitana de São Paulo;10;10;Grande São Paulo;RM de São Paulo
3515129;Emilianópolis;RA de Presidente Prudente;9;2;Presidente Prudente;Demais municípios
3515152;Engenheiro Coelho;RA de Campinas;4;11;Piracicaba;RM de Campinas
3515186;Espírito Santo do Pinhal;RA de Campinas;4;14;São João da Boa Vista;Demais municípios
3515194;Espírito Santo do Turvo;RA de Marília;8;5;Marília;Demais municípios
3515202;Estrela d'Oeste;RA de São José do Rio Preto;14;15;São José do Rio Preto;Demais municípios
3515301;Estrela do Norte;RA de Presidente Prudente;9;2;Presidente Prudente;Demais municípios
3515350;Euclides da Cunha Paulista;RA de Presidente Prudente;9;2;Presidente Prudente;Demais municípios
3515400;Fartura;RA de Itapeva;7;12;Bauru;Demais municípios
3515509;Fernandópolis;RA de São José do Rio Preto;14;15;São José do Rio Preto;Demais municípios
3515608;Fernando Prestes;RA Central;5;15;São José do Rio Preto;Demais municípios
3515657;Fernão;RA de Marília;8;5;Marília;Demais municípios
3515707;Ferraz de Vasconcelos;Região Metropolitana de São Paulo;10;10;Grande São Paulo;RM de São Paulo
3515806;Flora Rica;RA de Presidente Prudente;9;2;Presidente Prudente;Demais municípios
3515905;Floreal;RA de São José do Rio Preto;14;15;São José do Rio Preto;Demais municípios
3516002;Flórida Paulista;RA de Presidente Prudente;9;5;Marília;Demais municípios
3516101;Florínea;RA de Marília;8;5;Marília;Demais municípios
3516200;Franca;RA de Franca;6;4;Franca;Demais municípios
3516309;Francisco Morato;Região Metropolitana de São Paulo;10;10;Grande São Paulo;RM de São Paulo
3516408;Franco da Rocha;Região Metropolitana de São Paulo;10;10;Grande São Paulo;RM de São Paulo
3516507;Gabriel Monteiro;RA de Araçatuba;1;7;Araçatuba;Demais municípios
3516606;Gália;RA de Marília;8;5;Marília;Demais municípios
3516705;Garça;RA de Marília;8;5;Marília;Demais municípios
3516804;Gastão Vidigal;RA de Araçatuba;1;15;São José do Rio Preto;Demais municípios
3516853;Gavião Peixoto;RA Central;5;8;Araraquara;Demais municípios
3516903;General Salgado;RA de Araçatuba;1;15;São José do Rio Preto;Demais municípios
3517000;Getulina;RA de Bauru;3;12;Bauru;Demais municípios
3517109;Glicério;RA de Araçatuba;1;7;Araçatuba;Demais municípios
3517208;Guaiçara;RA de Bauru;3;12;Bauru;Demais municípios
3517307;Guaimbê;RA de Bauru;3;5;Marília;Demais municípios
3517406;Guaíra;RA de Barretos;2;16;Barretos;Demais municípios
3517505;Guapiaçu;RA de São José do Rio Preto;14;15;São José do Rio Preto;Demais municípios
3517604;Guapiara;RA de Itapeva;7;6;Sorocaba;Demais municípios
3517703;Guará;RA de Franca;6;4;Franca;Demais municípios
3517802;Guaraçaí;RA de Araçatuba;1;7;Araçatuba;Demais municípios
3517901;Guaraci;RA de Barretos;2;16;Barretos;Demais municípios
3518008;Guarani d'Oeste;RA de São José do Rio Preto;14;15;São José do Rio Preto;Demais municípios
3518107;Guarantã;RA de Bauru;3;5;Marília;Demais municípios
3518206;Guararapes;RA de Araçatuba;1;7;Araçatuba;Demais municípios
3518305;Guararema;Região Metropolitana de São Paulo;10;10;Grande São Paulo;RM de São Paulo
3518404;Guaratinguetá;RA de São José dos Campos;15;17;Taubaté;RM do Vale do Paraíba e Litoral Norte
3518503;Guareí;RA de Sorocaba;13;6;Sorocaba;Demais municípios
3518602;Guariba;RA de Ribeirão Preto;11;1;Ribeirão Preto;RM de Ribeirão Preto
3518701;Guarujá;RA de Santos;12;13;Baixada Santista;RM da Baixada Santista
3518800;Guarulhos;Região Metropolitana de São Paulo;10;10;Grande São Paulo;RM de São Paulo
3518859;Guatapará;RA de Ribeirão Preto;11;1;Ribeirão Preto;RM de Ribeirão Preto
3518909;Guzolândia;RA de Araçatuba;1;7;Araçatuba;Demais municípios
3519006;Herculândia;RA de Marília;8;5;Marília;Demais municípios
3519055;Holambra;RA de Campinas;4;3;Campinas;RM de Campinas
3519071;Hortolândia;RA de Campinas;4;3;Campinas;RM de Campinas
3519105;Iacanga;RA de Bauru;3;12;Bauru;Demais municípios
3519204;Iacri;RA de Marília;8;5;Marília;Demais municípios
3519253;Iaras;RA de Sorocaba;13;12;Bauru;Demais municípios
3519303;Ibaté;RA Central;5;8;Araraquara;Demais municípios
3519402;Ibirá;RA de São José do Rio Preto;14;15;São José do Rio Preto;Demais municípios
3519501;Ibirarema;RA de Marília;8;5;Marília;Demais municípios
3519600;Ibitinga;RA Central;5;8;Araraquara;Demais municípios
3519709;Ibiúna;RA de Sorocaba;13;6;Sorocaba;RM de Sorocaba
3519808;Icém;RA de São José do Rio Preto;14;15;São José do Rio Preto;Demais municípios
3519907;Iepê;RA de Presidente Prudente;9;2;Presidente Prudente;Demais municípios
3520004;Igaraçu do Tietê;RA de Bauru;3;12;Bauru;Demais municípios
3520103;Igarapava;RA de Franca;6;4;Franca;Demais municípios
3520202;Igaratá;RA de São José dos Campos;15;17;Taubaté;RM do Vale do Paraíba e Litoral Norte
3520301;Iguape;RA de Registro;16;9;Registro;Demais municípios
3520400;Ilhabela;RA de São José dos Campos;15;17;Taubaté;RM do Vale do Paraíba e Litoral Norte
3520426;Ilha Comprida;RA de Registro;16;9;Registro;Demais municípios
3520442;Ilha Solteira;RA de Araçatuba;1;7;Araçatuba;Demais municípios
3520509;Indaiatuba;RA de Campinas;4;3;Campinas;RM de Campinas
3520608;Indiana;RA de Presidente Prudente;9;2;Presidente Prudente;Demais municípios
3520707;Indiaporã;RA de São José do Rio Preto;14;15;São José do Rio Preto;Demais municípios
3520806;Inúbia Paulista;RA de Presidente Prudente;9;5;Marília;Demais municípios
3520905;Ipaussu;RA de Marília;8;5;Marília;Demais municípios
3521002;Iperó;RA de Sorocaba;13;6;Sorocaba;RM de Sorocaba
3521101;Ipeúna;RA de Campinas;4;11;Piracicaba;Demais municípios
3521150;Ipiguá;RA de São José do Rio Preto;14;15;São José do Rio Preto;Demais municípios
3521200;Iporanga;RA de Itapeva;7;9;Registro;Demais municípios
3521309;Ipuã;RA de Franca;6;4;Franca;Demais municípios
3521408;Iracemápolis;RA de Campinas;4;11;Piracicaba;Demais municípios
3521507;Irapuã;RA de São José do Rio Preto;14;15;São José do Rio Preto;Demais municípios
3521606;Irapuru;RA de Presidente Prudente;9;2;Presidente Prudente;Demais municípios
3521705;Itaberá;RA de Itapeva;7;6;Sorocaba;Demais municípios
3521804;Itaí;RA de Itapeva;7;12;Bauru;Demais municípios
3521903;Itajobi;RA de São José do Rio Preto;14;15;São José do Rio Preto;Demais municípios
3522000;Itaju;RA de Bauru;3;12;Bauru;Demais municípios
3522109;Itanhaém;RA de Santos;12;13;Baixada Santista;RM da Baixada Santista
3522158;Itaoca;RA de Itapeva;7;6;Sorocaba;Demais municípios
3522208;Itapecerica da Serra;Região Metropolitana de São Paulo;10;10;Grande São Paulo;RM de São Paulo
3522307;Itapetininga;RA de Sorocaba;13;6;Sorocaba;RM de Sorocaba
3522406;Itapeva;RA de Itapeva;7;6;Sorocaba;Demais municípios
3522505;Itapevi;Região Metropolitana de São Paulo;10;10;Grande São Paulo;RM de São Paulo
3522604;Itapira;RA de Campinas;4;14;São João da Boa Vista;Demais municípios
3522653;Itapirapuã Paulista;RA de Itapeva;7;6;Sorocaba;Demais municípios
3522703;Itápolis;RA Central;5;8;Araraquara;Demais municípios
3522802;Itaporanga;RA de Itapeva;7;12;Bauru;Demais municípios
3522901;Itapuí;RA de Bauru;3;12;Bauru;Demais municípios
3523008;Itapura;RA de Araçatuba;1;7;Araçatuba;Demais municípios
3523107;Itaquaquecetuba;Região Metropolitana de São Paulo;10;10;Grande São Paulo;RM de São Paulo
3523206;Itararé;RA de Itapeva;7;6;Sorocaba;Demais municípios
3523305;Itariri;RA de Registro;16;9;Registro;Demais municípios
3523404;Itatiba;RA de Campinas;4;3;Campinas;RM de Campinas
3523503;Itatinga;RA de Sorocaba;13;12;Bauru;Demais municípios
3523602;Itirapina;RA de Campinas;4;11;Piracicaba;Demais municípios
3523701;Itirapuã;RA de Franca;6;4;Franca;Demais municípios
3523800;Itobi;RA de Campinas;4;14;São João da Boa Vista;Demais municípios
3523909;Itu;RA de Sorocaba;13;6;Sorocaba;RM de Sorocaba
3524006;Itupeva;RA de Campinas;4;3;Campinas;Demais municípios
3524105;Ituverava;RA de Franca;6;4;Franca;Demais municípios
3524204;Jaborandi;RA de Barretos;2;16;Barretos;Demais municípios
3524303;Jaboticabal;RA de Ribeirão Preto;11;1;Ribeirão Preto;RM de Ribeirão Preto
3524402;Jacareí;RA de São José dos Campos;15;17;Taubaté;RM do Vale do Paraíba e Litoral Norte
3524501;Jaci;RA de São José do Rio Preto;14;15;São José do Rio Preto;Demais municípios
3524600;Jacupiranga;RA de Registro;16;9;Registro;Demais municípios
3524709;Jaguariúna;RA de Campinas;4;3;Campinas;RM de Campinas
3524808;Jales;RA de São José do Rio Preto;14;15;São José do Rio Preto;Demais municípios
3524907;Jambeiro;RA de São José dos Campos;15;17;Taubaté;RM do Vale do Paraíba e Litoral Norte
3525003;Jandira;Região Metropolitana de São Paulo;10;10;Grande São Paulo;RM de São Paulo
3525102;Jardinópolis;RA de Ribeirão Preto;11;1;Ribeirão Preto;RM de Ribeirão Preto
3525201;Jarinu;RA de Campinas;4;3;Campinas;Demais municípios
3525300;Jaú;RA de Bauru;3;12;Bauru;Demais municípios
3525409;Jeriquara;RA de Franca;6;4;Franca;Demais municípios
3525508;Joanópolis;RA de Campinas;4;3;Campinas;Demais municípios
3525607;João Ramalho;RA de Marília;8;2;Presidente Prudente;Demais municípios
3525706;José Bonifácio;RA de São José do Rio Preto;14;15;São José do Rio Preto;Demais municípios
3525805;Júlio Mesquita;RA de Marília;8;5;Marília;Demais municípios
3525854;Jumirim;RA de Sorocaba;13;6;Sorocaba;RM de Sorocaba
3525904;Jundiaí;RA de Campinas;4;3;Campinas;Demais municípios
3526001;Junqueirópolis;RA de Presidente Prudente;9;2;Presidente Prudente;Demais municípios
3526100;Juquiá;RA de Registro;16;9;Registro;Demais municípios
3526209;Juquitiba;Região Metropolitana de São Paulo;10;10;Grande São Paulo;RM de São Paulo
3526308;Lagoinha;RA de São José dos Campos;15;17;Taubaté;RM do Vale do Paraíba e Litoral Norte
3526407;Laranjal Paulista;RA de Sorocaba;13;12;Bauru;Demais municípios
3526506;Lavínia;RA de Araçatuba;1;7;Araçatuba;Demais municípios
3526605;Lavrinhas;RA de São José dos Campos;15;17;Taubaté;RM do Vale do Paraíba e Litoral Norte
3526704;Leme;RA de Campinas;4;11;Piracicaba;Demais municípios
3526803;Lençóis Paulista;RA de Bauru;3;12;Bauru;Demais municípios
3526902;Limeira;RA de Campinas;4;11;Piracicaba;Demais municípios
3527009;Lindóia;RA de Campinas;4;3;Campinas;Demais municípios
3527108;Lins;RA de Bauru;3;12;Bauru;Demais municípios
3527207;Lorena;RA de São José dos Campos;15;17;Taubaté;RM do Vale do Paraíba e Litoral Norte
3527256;Lourdes;RA de Araçatuba;1;7;Araçatuba;Demais municípios
3527306;Louveira;RA de Campinas;4;3;Campinas;Demais municípios
3527405;Lucélia;RA de Presidente Prudente;9;5;Marília;Demais municípios
3527504;Lucianópolis;RA de Bauru;3;12;Bauru;Demais municípios
3527603;Luís Antônio;RA de Ribeirão Preto;11;1;Ribeirão Preto;RM de Ribeirão Preto
3527702;Luiziânia;RA de Araçatuba;1;7;Araçatuba;Demais municípios
3527801;Lupércio;RA de Marília;8;5;Marília;Demais municípios
3527900;Lutécia;RA de Marília;8;5;Marília;Demais municípios
3528007;Macatuba;RA de Bauru;3;12;Bauru;Demais municípios
3528106;Macaubal;RA de São José do Rio Preto;14;15;São José do Rio Preto;Demais municípios
3528205;Macedônia;RA de São José do Rio Preto;14;15;São José do Rio Preto;Demais municípios
3528304;Magda;RA de São José do Rio Preto;14;15;São José do Rio Preto;Demais municípios
3528403;Mairinque;RA de Sorocaba;13;6;Sorocaba;RM de Sorocaba
3528502;Mairiporã;Região Metropolitana de São Paulo;10;10;Grande São Paulo;RM de São Paulo
3528601;Manduri;RA de Sorocaba;13;12;Bauru;Demais municípios
3528700;Marabá Paulista;RA de Presidente Prudente;9;2;Presidente Prudente;Demais municípios
3528809;Maracaí;RA de Marília;8;5;Marília;Demais municípios
3528858;Marapoama;RA de São José do Rio Preto;14;15;São José do Rio Preto;Demais municípios
3528908;Mariápolis;RA de Presidente Prudente;9;5;Marília;Demais municípios
3529005;Marília;RA de Marília;8;5;Marília;Demais municípios
3529104;Marinópolis;RA de São José do Rio Preto;14;15;São José do Rio Preto;Demais municípios
3529203;Martinópolis;RA de Presidente Prudente;9;2;Presidente Prudente;Demais municípios
3529302;Matão;RA Central;5;8;Araraquara;Demais municípios
3529401;Mauá;Região Metropolitana de São Paulo;10;10;Grande São Paulo;RM de São Paulo
3529500;Mendonça;RA de São José do Rio Preto;14;15;São José do Rio Preto;Demais municípios
3529609;Meridiano;RA de São José do Rio Preto;14;15;São José do Rio Preto;Demais municípios
3529658;Mesópolis;RA de São José do Rio Preto;14;15;São José do Rio Preto;Demais municípios
3529708;Miguelópolis;RA de Franca;6;4;Franca;Demais municípios
3529807;Mineiros do Tietê;RA de Bauru;3;12;Bauru;Demais municípios
3529906;Miracatu;RA de Registro;16;9;Registro;Demais municípios
3530003;Mira Estrela;RA de São José do Rio Preto;14;15;São José do Rio Preto;Demais municípios
3530102;Mirandópolis;RA de Araçatuba;1;7;Araçatuba;Demais municípios
3530201;Mirante do Paranapanema;RA de Presidente Prudente;9;2;Presidente Prudente;Demais municípios
3530300;Mirassol;RA de São José do Rio Preto;14;15;São José do Rio Preto;Demais municípios
3530409;Mirassolândia;RA de São José do Rio Preto;14;15;São José do Rio Preto;Demais municípios
3530508;Mococa;RA de Campinas;4;14;São João da Boa Vista;RM de Ribeirão Preto
3530607;Mogi das Cruzes;Região Metropolitana de São Paulo;10;10;Grande São Paulo;RM de São Paulo
3530706;Mogi Guaçu;RA de Campinas;4;14;São João da Boa Vista;Demais municípios
3530805;Mogi Mirim;RA de Campinas;4;14;São João da Boa Vista;Demais municípios
3530904;Mombuca;RA de Campinas;4;11;Piracicaba;Demais municípios
3531001;Monções;RA de São José do Rio Preto;14;15;São José do Rio Preto;Demais municípios
3531100;Mongaguá;RA de Santos;12;13;Baixada Santista;RM da Baixada Santista
3531209;Monte Alegre do Sul;RA de Campinas;4;3;Campinas;Demais municípios
3531308;Monte Alto;RA de Ribeirão Preto;11;1;Ribeirão Preto;RM de Ribeirão Preto
3531407;Monte Aprazível;RA de São José do Rio Preto;14;15;São José do Rio Preto;Demais municípios
3531506;Monte Azul Paulista;RA de Barretos;2;16;Barretos;Demais municípios
3531605;Monte Castelo;RA de Presidente Prudente;9;2;Presidente Prudente;Demais municípios
3531704;Monteiro Lobato;RA de São José dos Campos;15;17;Taubaté;RM do Vale do Paraíba e Litoral Norte
3531803;Monte Mor;RA de Campinas;4;3;Campinas;RM de Campinas
3531902;Morro Agudo;RA de Franca;6;4;Franca;RM de Ribeirão Preto
3532009;Morungaba;RA de Campinas;4;3;Campinas;RM de Campinas
3532058;Motuca;RA Central;5;8;Araraquara;Demais municípios
3532108;Murutinga do Sul;RA de Araçatuba;1;7;Araçatuba;Demais municípios
3532157;Nantes;RA de Presidente Prudente;9;2;Presidente Prudente;Demais municípios
3532207;Narandiba;RA de Presidente Prudente;9;2;Presidente Prudente;Demais municípios
3532306;Natividade da Serra;RA de São José dos Campos;15;17;Taubaté;RM do Vale do Paraíba e Litoral Norte
3532405;Nazaré Paulista;RA de Campinas;4;3;Campinas;Demais municípios
3532504;Neves Paulista;RA de São José do Rio Preto;14;15;São José do Rio Preto;Demais municípios
3532603;Nhandeara;RA de São José do Rio Preto;14;15;São José do Rio Preto;Demais municípios
3532702;Nipoã;RA de São José do Rio Preto;14;15;São José do Rio Preto;Demais municípios
3532801;Nova Aliança;RA de São José do Rio Preto;14;15;São José do Rio Preto;Demais municípios
3532827;Nova Campina;RA de Itapeva;7;6;Sorocaba;Demais municípios
3532843;Nova Canaã Paulista;RA de São José do Rio Preto;14;15;São José do Rio Preto;Demais municípios
3532868;Nova Castilho;RA de Araçatuba;1;7;Araçatuba;Demais municípios
3532900;Nova Europa;RA Central;5;8;Araraquara;Demais municípios
3533007;Nova Granada;RA de São José do Rio Preto;14;15;São José do Rio Preto;Demais municípios
3533106;Nova Guataporanga;RA de Presidente Prudente;9;2;Presidente Prudente;Demais municípios
3533205;Nova Independência;RA de Araçatuba;1;7;Araçatuba;Demais municípios
3533254;Novais;RA de São José do Rio Preto;14;15;São José do Rio Preto;Demais municípios
3533304;Nova Luzitânia;RA de Araçatuba;1;7;Araçatuba;Demais municípios
3533403;Nova Odessa;RA de Campinas;4;3;Campinas;RM de Campinas
3533502;Novo Horizonte;RA de São José do Rio Preto;14;15;São José do Rio Preto;Demais municípios
3533601;Nuporanga;RA de Franca;6;4;Franca;RM de Ribeirão Preto
3533700;Ocauçu;RA de Marília;8;5;Marília;Demais municípios
3533809;Óleo;RA de Marília;8;5;Marília;Demais municípios
3533908;Olímpia;RA de Barretos;2;16;Barretos;Demais municípios
3534005;Onda Verde;RA de São José do Rio Preto;14;15;São José do Rio Preto;Demais municípios
3534104;Oriente;RA de Marília;8;5;Marília;Demais municípios
3534203;Orindiúva;RA de São José do Rio Preto;14;15;São José do Rio Preto;Demais municípios
3534302;Orlândia;RA de Franca;6;4;Franca;RM de Ribeirão Preto
3534401;Osasco;Região Metropolitana de São Paulo;10;10;Grande São Paulo;RM de São Paulo
3534500;Oscar Bressane;RA de Marília;8;5;Marília;Demais municípios
3534609;Osvaldo Cruz;RA de Presidente Prudente;9;5;Marília;Demais municípios
3534708;Ourinhos;RA de Marília;8;5;Marília;Demais municípios
3534757;Ouroeste;RA de São José do Rio Preto;14;15;São José do Rio Preto;Demais municípios
3534807;Ouro Verde;RA de Presidente Prudente;9;2;Presidente Prudente;Demais municípios
3534906;Pacaembu;RA de Presidente Prudente;9;5;Marília;Demais municípios
3535002;Palestina;RA de São José do Rio Preto;14;15;São José do Rio Preto;Demais municípios
3535101;Palmares Paulista;RA de São José do Rio Preto;14;15;São José do Rio Preto;Demais municípios
3535200;Palmeira d'Oeste;RA de São José do Rio Preto;14;15;São José do Rio Preto;Demais municípios
3535309;Palmital;RA de Marília;8;5;Marília;Demais municípios
3535408;Panorama;RA de Presidente Prudente;9;2;Presidente Prudente;Demais municípios
3535507;Paraguaçu Paulista;RA de Marília;8;5;Marília;Demais municípios
3535606;Paraibuna;RA de São José dos Campos;15;17;Taubaté;RM do Vale do Paraíba e Litoral Norte
3535705;Paraíso;RA de São José do Rio Preto;14;15;São José do Rio Preto;Demais municípios
3535804;Paranapanema;RA de Itapeva;7;12;Bauru;Demais municípios
3535903;Paranapuã;RA de São José do Rio Preto;14;15;São José do Rio Preto;Demais municípios
3536000;Parapuã;RA de Marília;8;5;Marília;Demais municípios
3536109;Pardinho;RA de Sorocaba;13;12;Bauru;Demais municípios
3536208;Pariquera-Açu;RA de Registro;16;9;Registro;Demais municípios
3536257;Parisi;RA de São José do Rio Preto;14;15;São José do Rio Preto;Demais municípios
3536307;Patrocínio Paulista;RA de Franca;6;4;Franca;Demais municípios
3536406;Paulicéia;RA de Presidente Prudente;9;2;Presidente Prudente;Demais municípios
3536505;Paulínia;RA de Campinas;4;3;Campinas;RM de Campinas
3536570;Paulistânia;RA de Bauru;3;12;Bauru;Demais municípios
3536604;Paulo de Faria;RA de São José do Rio Preto;14;15;São José do Rio Preto;Demais municípios
3536703;Pederneiras;RA de Bauru;3;12;Bauru;Demais municípios
3536802;Pedra Bela;RA de Campinas;4;3;Campinas;Demais municípios
3536901;Pedranópolis;RA de São José do Rio Preto;14;15;São José do Rio Preto;Demais municípios
3537008;Pedregulho;RA de Franca;6;4;Franca;Demais municípios
3537107;Pedreira;RA de Campinas;4;3;Campinas;RM de Campinas
3537156;Pedrinhas Paulista;RA de Marília;8;5;Marília;Demais municípios
3537206;Pedro de Toledo;RA de Registro;16;9;Registro;Demais municípios
3537305;Penápolis;RA de Araçatuba;1;7;Araçatuba;Demais municípios
3537404;Pereira Barreto;RA de Araçatuba;1;7;Araçatuba;Demais municípios
3537503;Pereiras;RA de Sorocaba;13;12;Bauru;Demais municípios
3537602;Peruíbe;RA de Santos;12;13;Baixada Santista;RM da Baixada Santista
3537701;Piacatu;RA de Araçatuba;1;7;Araçatuba;Demais municípios
3537800;Piedade;RA de Sorocaba;13;6;Sorocaba;RM de Sorocaba
3537909;Pilar do Sul;RA de Sorocaba;13;6;Sorocaba;RM de Sorocaba
3538006;Pindamonhangaba;RA de São José dos Campos;15;17;Taubaté;RM do Vale do Paraíba e Litoral Norte
3538105;Pindorama;RA de São José do Rio Preto;14;15;São José do Rio Preto;Demais municípios
3538204;Pinhalzinho;RA de Campinas;4;3;Campinas;Demais municípios
3538303;Piquerobi;RA de Presidente Prudente;9;2;Presidente Prudente;Demais municípios
3538501;Piquete;RA de São José dos Campos;15;17;Taubaté;RM do Vale do Paraíba e Litoral Norte
3538600;Piracaia;RA de Campinas;4;3;Campinas;Demais municípios
3538709;Piracicaba;RA de Campinas;4;11;Piracicaba;Demais municípios
3538808;Piraju;RA de Itapeva;7;12;Bauru;Demais municípios
3538907;Pirajuí;RA de Bauru;3;12;Bauru;Demais municípios
3539004;Pirangi;RA de Barretos;2;15;São José do Rio Preto;Demais municípios
3539103;Pirapora do Bom Jesus;Região Metropolitana de São Paulo;10;10;Grande São Paulo;RM de São Paulo
3539202;Pirapozinho;RA de Presidente Prudente;9;2;Presidente Prudente;Demais municípios
3539301;Pirassununga;RA de Campinas;4;11;Piracicaba;Demais municípios
3539400;Piratininga;RA de Bauru;3;12;Bauru;Demais municípios
3539509;Pitangueiras;RA de Ribeirão Preto;11;1;Ribeirão Preto;RM de Ribeirão Preto
3539608;Planalto;RA de São José do Rio Preto;14;15;São José do Rio Preto;Demais municípios
3539707;Platina;RA de Marília;8;5;Marília;Demais municípios
3539806;Poá;Região Metropolitana de São Paulo;10;10;Grande São Paulo;RM de São Paulo
3539905;Poloni;RA de São José do Rio Preto;14;15;São José do Rio Preto;Demais municípios
3540002;Pompéia;RA de Marília;8;5;Marília;Demais municípios
3540101;Pongaí;RA de Bauru;3;12;Bauru;Demais municípios
3540200;Pontal;RA de Ribeirão Preto;11;1;Ribeirão Preto;RM de Ribeirão Preto
3540259;Pontalinda;RA de São José do Rio Preto;14;15;São José do Rio Preto;Demais municípios
3540309;Pontes Gestal;RA de São José do Rio Preto;14;15;São José do Rio Preto;Demais municípios
3540408;Populina;RA de São José do Rio Preto;14;15;São José do Rio Preto;Demais municípios
3540507;Porangaba;RA de Sorocaba;13;12;Bauru;Demais municípios
3540606;Porto Feliz;RA de Sorocaba;13;6;Sorocaba;RM de Sorocaba
3540705;Porto Ferreira;RA Central;5;8;Araraquara;Demais municípios
3540754;Potim;RA de São José dos Campos;15;17;Taubaté;RM do Vale do Paraíba e Litoral Norte
3540804;Potirendaba;RA de São José do Rio Preto;14;15;São José do Rio Preto;Demais municípios
3540853;Pracinha;RA de Presidente Prudente;9;5;Marília;Demais municípios
3540903;Pradópolis;RA de Ribeirão Preto;11;1;Ribeirão Preto;RM de Ribeirão Preto
3541000;Praia Grande;RA de Santos;12;13;Baixada Santista;RM da Baixada Santista
3541059;Pratânia;RA de Sorocaba;13;12;Bauru;Demais municípios
3541109;Presidente Alves;RA de Bauru;3;12;Bauru;Demais municípios
3541208;Presidente Bernardes;RA de Presidente Prudente;9;2;Presidente Prudente;Demais municípios
3541307;Presidente Epitácio;RA de Presidente Prudente;9;2;Presidente Prudente;Demais municípios
3541406;Presidente Prudente;RA de Presidente Prudente;9;2;Presidente Prudente;Demais municípios
3541505;Presidente Venceslau;RA de Presidente Prudente;9;2;Presidente Prudente;Demais municípios
3541604;Promissão;RA de Bauru;3;12;Bauru;Demais municípios
3541653;Quadra;RA de Sorocaba;13;6;Sorocaba;Demais municípios
3541703;Quatá;RA de Marília;8;2;Presidente Prudente;Demais municípios
3541802;Queiroz;RA de Marília;8;5;Marília;Demais municípios
3541901;Queluz;RA de São José dos Campos;15;17;Taubaté;RM do Vale do Paraíba e Litoral Norte
3542008;Quintana;RA de Marília;8;5;Marília;Demais municípios
3542107;Rafard;RA de Campinas;4;11;Piracicaba;Demais municípios
3542206;Rancharia;RA de Presidente Prudente;9;2;Presidente Prudente;Demais municípios
3542305;Redenção da Serra;RA de São José dos Campos;15;17;Taubaté;RM do Vale do Paraíba e Litoral Norte
3542404;Regente Feijó;RA de Presidente Prudente;9;2;Presidente Prudente;Demais municípios
3542503;Reginópolis;RA de Bauru;3;12;Bauru;Demais municípios
3542602;Registro;RA de Registro;16;9;Registro;Demais municípios
3542701;Restinga;RA de Franca;6;4;Franca;Demais municípios
3542800;Ribeira;RA de Itapeva;7;6;Sorocaba;Demais municípios
3542909;Ribeirão Bonito;RA Central;5;8;Araraquara;Demais municípios
3543006;Ribeirão Branco;RA de Itapeva;7;6;Sorocaba;Demais municípios
3543105;Ribeirão Corrente;RA de Franca;6;4;Franca;Demais municípios
3543204;Ribeirão do Sul;RA de Marília;8;5;Marília;Demais municípios
3543238;Ribeirão dos Índios;RA de Presidente Prudente;9;2;Presidente Prudente;Demais municípios
3543253;Ribeirão Grande;RA de Itapeva;7;6;Sorocaba;Demais municípios
3543303;Ribeirão Pires;Região Metropolitana de São Paulo;10;10;Grande São Paulo;RM de São Paulo
3543402;Ribeirão Preto;RA de Ribeirão Preto;11;1;Ribeirão Preto;RM de Ribeirão Preto
3543501;Riversul;RA de Itapeva;7;6;Sorocaba;Demais municípios
3543600;Rifaina;RA de Franca;6;4;Franca;Demais municípios
3543709;Rincão;RA Central;5;8;Araraquara;Demais municípios
3543808;Rinópolis;RA de Marília;8;5;Marília;Demais municípios
3543907;Rio Claro;RA de Campinas;4;11;Piracicaba;Demais municípios
3544004;Rio das Pedras;RA de Campinas;4;11;Piracicaba;Demais municípios
3544103;Rio Grande da Serra;Região Metropolitana de São Paulo;10;10;Grande São Paulo;RM de São Paulo
3544202;Riolândia;RA de São José do Rio Preto;14;15;São José do Rio Preto;Demais municípios
3544251;Rosana;RA de Presidente Prudente;9;2;Presidente Prudente;Demais municípios
3544301;Roseira;RA de São José dos Campos;15;17;Taubaté;RM do Vale do Paraíba e Litoral Norte
3544400;Rubiácea;RA de Araçatuba;1;7;Araçatuba;Demais municípios
3544509;Rubinéia;RA de São José do Rio Preto;14;15;São José do Rio Preto;Demais municípios
3544608;Sabino;RA de Bauru;3;12;Bauru;Demais municípios
3544707;Sagres;RA de Presidente Prudente;9;5;Marília;Demais municípios
3544806;Sales;RA de São José do Rio Preto;14;15;São José do Rio Preto;Demais municípios
3544905;Sales Oliveira;RA de Franca;6;4;Franca;RM de Ribeirão Preto
3545001;Salesópolis;Região Metropolitana de São Paulo;10;10;Grande São Paulo;RM de São Paulo
3545100;Salmourão;RA de Presidente Prudente;9;5;Marília;Demais municípios
3545159;Saltinho;RA de Campinas;4;11;Piracicaba;Demais municípios
3545209;Salto;RA de Sorocaba;13;6;Sorocaba;RM de Sorocaba
3545308;Salto de Pirapora;RA de Sorocaba;13;6;Sorocaba;RM de Sorocaba
3545407;Salto Grande;RA de Marília;8;5;Marília;Demais municípios
3545506;Sandovalina;RA de Presidente Prudente;9;2;Presidente Prudente;Demais municípios
3545605;Santa Adélia;RA de São José do Rio Preto;14;15;São José do Rio Preto;Demais municípios
3545704;Santa Albertina;RA de São José do Rio Preto;14;15;São José do Rio Preto;Demais municípios
3545803;Santa Bárbara d'Oeste;RA de Campinas;4;3;Campinas;RM de Campinas
3546009;Santa Branca;RA de São José dos Campos;15;17;Taubaté;RM do Vale do Paraíba e Litoral Norte
3546108;Santa Clara d'Oeste;RA de São José do Rio Preto;14;15;São José do Rio Preto;Demais municípios
3546207;Santa Cruz da Conceição;RA de Campinas;4;11;Piracicaba;Demais municípios
3546256;Santa Cruz da Esperança;RA de Ribeirão Preto;11;1;Ribeirão Preto;RM de Ribeirão Preto
3546306;Santa Cruz das Palmeiras;RA de Campinas;4;14;São João da Boa Vista;Demais municípios
3546405;Santa Cruz do Rio Pardo;RA de Marília;8;5;Marília;Demais municípios
3546504;Santa Ernestina;RA Central;5;8;Araraquara;Demais municípios
3546603;Santa Fé do Sul;RA de São José do Rio Preto;14;15;São José do Rio Preto;Demais municípios
3546702;Santa Gertrudes;RA de Campinas;4;11;Piracicaba;Demais municípios
3546801;Santa Isabel;Região Metropolitana de São Paulo;10;10;Grande São Paulo;RM de São Paulo
3546900;Santa Lúcia;RA Central;5;8;Araraquara;Demais municípios
3547007;Santa Maria da Serra;RA de Campinas;4;11;Piracicaba;Demais municípios
3547106;Santa Mercedes;RA de Presidente Prudente;9;2;Presidente Prudente;Demais municípios
3547205;Santana da Ponte Pensa;RA de São José do Rio Preto;14;15;São José do Rio Preto;Demais municípios
3547304;Santana de Parnaíba;Região Metropolitana de São Paulo;10;10;Grande São Paulo;RM de São Paulo
3547403;Santa Rita d'Oeste;RA de São José do Rio Preto;14;15;São José do Rio Preto;Demais municípios
3547502;Santa Rita do Passa Quatro;RA Central;5;1;Ribeirão Preto;RM de Ribeirão Preto
3547601;Santa Rosa de Viterbo;RA de Ribeirão Preto;11;1;Ribeirão Preto;RM de Ribeirão Preto
3547650;Santa Salete;RA de São José do Rio Preto;14;15;São José do Rio Preto;Demais municípios
3547700;Santo Anastácio;RA de Presidente Prudente;9;2;Presidente Prudente;Demais municípios
3547809;Santo André;Região Metropolitana de São Paulo;10;10;Grande São Paulo;RM de São Paulo
3547908;Santo Antônio da Alegria;RA de Ribeirão Preto;11;1;Ribeirão Preto;RM de Ribeirão Preto
3548005;Santo Antônio de Posse;RA de Campinas;4;3;Campinas;RM de Campinas
3548054;Santo Antônio do Aracanguá;RA de Araçatuba;1;7;Araçatuba;Demais municípios
3548104;Santo Antônio do Jardim;RA de Campinas;4;14;São João da Boa Vista;Demais municípios
3548203;Santo Antônio do Pinhal;RA de São José dos Campos;15;17;Taubaté;RM do Vale do Paraíba e Litoral Norte
3548302;Santo Expedito;RA de Presidente Prudente;9;2;Presidente Prudente;Demais municípios
3548401;Santópolis do Aguapeí;RA de Araçatuba;1;7;Araçatuba;Demais municípios
3548500;Santos;RA de Santos;12;13;Baixada Santista;RM da Baixada Santista
3548609;São Bento do Sapucaí;RA de São José dos Campos;15;17;Taubaté;RM do Vale do Paraíba e Litoral Norte
3548708;São Bernardo do Campo;Região Metropolitana de São Paulo;10;10;Grande São Paulo;RM de São Paulo
3548807;São Caetano do Sul;Região Metropolitana de São Paulo;10;10;Grande São Paulo;RM de São Paulo
3548906;São Carlos;RA Central;5;8;Araraquara;Demais municípios
3549003;São Francisco;RA de São José do Rio Preto;14;15;São José do Rio Preto;Demais municípios
3549102;São João da Boa Vista;RA de Campinas;4;14;São João da Boa Vista;Demais municípios
3549201;São João das Duas Pontes;RA de São José do Rio Preto;14;15;São José do Rio Preto;Demais municípios
3549250;São João de Iracema;RA de Araçatuba;1;15;São José do Rio Preto;Demais municípios
3549300;São João do Pau d'Alho;RA de Presidente Prudente;9;2;Presidente Prudente;Demais municípios
3549409;São Joaquim da Barra;RA de Franca;6;4;Franca;Demais municípios
3549508;São José da Bela Vista;RA de Franca;6;4;Franca;Demais municípios
3549607;São José do Barreiro;RA de São José dos Campos;15;17;Taubaté;RM do Vale do Paraíba e Litoral Norte
3549706;São José do Rio Pardo;RA de Campinas;4;14;São João da Boa Vista;Demais municípios
3549805;São José do Rio Preto;RA de São José do Rio Preto;14;15;São José do Rio Preto;Demais municípios
3549904;São José dos Campos;RA de São José dos Campos;15;17;Taubaté;RM do Vale do Paraíba e Litoral Norte
3549953;São Lourenço da Serra;Região Metropolitana de São Paulo;10;10;Grande São Paulo;RM de São Paulo
3550001;São Luiz do Paraitinga;RA de São José dos Campos;15;17;Taubaté;RM do Vale do Paraíba e Litoral Norte
3550100;São Manuel;RA de Sorocaba;13;12;Bauru;Demais municípios
3550209;São Miguel Arcanjo;RA de Sorocaba;13;6;Sorocaba;RM de Sorocaba
3550308;São Paulo;Região Metropolitana de São Paulo;10;10;Grande São Paulo;RM de São Paulo
3550407;São Pedro;RA de Campinas;4;11;Piracicaba;Demais municípios
3550506;São Pedro do Turvo;RA de Marília;8;5;Marília;Demais municípios
3550605;São Roque;RA de Sorocaba;13;6;Sorocaba;RM de Sorocaba
3550704;São Sebastião;RA de São José dos Campos;15;17;Taubaté;RM do Vale do Paraíba e Litoral Norte
3550803;São Sebastião da Grama;RA de Campinas;4;14;São João da Boa Vista;Demais municípios
3550902;São Simão;RA de Ribeirão Preto;11;1;Ribeirão Preto;RM de Ribeirão Preto
3551009;São Vicente;RA de Santos;12;13;Baixada Santista;RM da Baixada Santista
3551108;Sarapuí;RA de Sorocaba;13;6;Sorocaba;RM de Sorocaba
3551207;Sarutaiá;RA de Itapeva;7;12;Bauru;Demais municípios
3551306;Sebastianópolis do Sul;RA de São José do Rio Preto;14;15;São José do Rio Preto;Demais municípios
3551405;Serra Azul;RA de Ribeirão Preto;11;1;Ribeirão Preto;RM de Ribeirão Preto
3551504;Serrana;RA de Ribeirão Preto;11;1;Ribeirão Preto;RM de Ribeirão Preto
3551603;Serra Negra;RA de Campinas;4;3;Campinas;Demais municípios
3551702;Sertãozinho;RA de Ribeirão Preto;11;1;Ribeirão Preto;RM de Ribeirão Preto
3551801;Sete Barras;RA de Registro;16;9;Registro;Demais municípios
3551900;Severínia;RA de Barretos;2;16;Barretos;Demais municípios
3552007;Silveiras;RA de São José dos Campos;15;17;Taubaté;RM do Vale do Paraíba e Litoral Norte
3552106;Socorro;RA de Campinas;4;3;Campinas;Demais municípios
3552205;Sorocaba;RA de Sorocaba;13;6;Sorocaba;RM de Sorocaba
3552304;Sud Mennucci;RA de Araçatuba;1;7;Araçatuba;Demais municípios
3552403;Sumaré;RA de Campinas;4;3;Campinas;RM de Campinas
3552502;Suzano;Região Metropolitana de São Paulo;10;10;Grande São Paulo;RM de São Paulo
3552551;Suzanápolis;RA de Araçatuba;1;7;Araçatuba;Demais municípios
3552601;Tabapuã;RA de São José do Rio Preto;14;15;São José do Rio Preto;Demais municípios
3552700;Tabatinga;RA Central;5;8;Araraquara;Demais municípios
3552809;Taboão da Serra;Região Metropolitana de São Paulo;10;10;Grande São Paulo;RM de São Paulo
3552908;Taciba;RA de Presidente Prudente;9;2;Presidente Prudente;Demais municípios
3553005;Taguaí;RA de Itapeva;7;12;Bauru;Demais municípios
3553104;Taiaçu;RA de Barretos;2;16;Barretos;Demais municípios
3553203;Taiúva;RA de Barretos;2;16;Barretos;RM de Ribeirão Preto
3553302;Tambaú;RA de Campinas;4;14;São João da Boa Vista;RM de Ribeirão Preto
3553401;Tanabi;RA de São José do Rio Preto;14;15;São José do Rio Preto;Demais municípios
3553500;Tapiraí;RA de Sorocaba;13;6;Sorocaba;RM de Sorocaba
3553609;Tapiratiba;RA de Campinas;4;14;São João da Boa Vista;Demais municípios
3553658;Taquaral;RA de Ribeirão Preto;11;16;Barretos;RM de Ribeirão Preto
3553708;Taquaritinga;RA Central;5;8;Araraquara;Demais municípios
3553807;Taquarituba;RA de Itapeva;7;12;Bauru;Demais municípios
3553856;Taquarivaí;RA de Itapeva;7;6;Sorocaba;Demais municípios
3553906;Tarabai;RA de Presidente Prudente;9;2;Presidente Prudente;Demais municípios
3553955;Tarumã;RA de Marília;8;5;Marília;Demais municípios
3554003;Tatuí;RA de Sorocaba;13;6;Sorocaba;RM de Sorocaba
3554102;Taubaté;RA de São José dos Campos;15;17;Taubaté;RM do Vale do Paraíba e Litoral Norte
3554201;Tejupá;RA de Itapeva;7;12;Bauru;Demais municípios
3554300;Teodoro Sampaio;RA de Presidente Prudente;9;2;Presidente Prudente;Demais municípios
3554409;Terra Roxa;RA de Barretos;2;16;Barretos;Demais municípios
3554508;Tietê;RA de Sorocaba;13;6;Sorocaba;RM de Sorocaba
3554607;Timburi;RA de Marília;8;5;Marília;Demais municípios
3554656;Torre de Pedra;RA de Sorocaba;13;12;Bauru;Demais municípios
3554706;Torrinha;RA de Campinas;4;12;Bauru;Demais municípios
3554755;Trabiju;RA Central;5;8;Araraquara;Demais municípios
3554805;Tremembé;RA de São José dos Campos;15;17;Taubaté;RM do Vale do Paraíba e Litoral Norte
3554904;Três Fronteiras;RA de São José do Rio Preto;14;15;São José do Rio Preto;Demais municípios
3554953;Tuiuti;RA de Campinas;4;3;Campinas;Demais municípios
3555000;Tupã;RA de Marília;8;5;Marília;Demais municípios
3555109;Tupi Paulista;RA de Presidente Prudente;9;2;Presidente Prudente;Demais municípios
3555208;Turiúba;RA de Araçatuba;1;7;Araçatuba;Demais municípios
3555307;Turmalina;RA de São José do Rio Preto;14;15;São José do Rio Preto;Demais municípios
3555356;Ubarana;RA de São José do Rio Preto;14;15;São José do Rio Preto;Demais municípios
3555406;Ubatuba;RA de São José dos Campos;15;17;Taubaté;RM do Vale do Paraíba e Litoral Norte
3555505;Ubirajara;RA de Bauru;3;5;Marília;Demais municípios
3555604;Uchoa;RA de São José do Rio Preto;14;15;São José do Rio Preto;Demais municípios
3555703;União Paulista;RA de São José do Rio Preto;14;15;São José do Rio Preto;Demais municípios
3555802;Urânia;RA de São José do Rio Preto;14;15;São José do Rio Preto;Demais municípios
3555901;Uru;RA de Bauru;3;12;Bauru;Demais municípios
3556008;Urupês;RA de São José do Rio Preto;14;15;São José do Rio Preto;Demais municípios
3556107;Valentim Gentil;RA de São José do Rio Preto;14;15;São José do Rio Preto;Demais municípios
3556206;Valinhos;RA de Campinas;4;3;Campinas;RM de Campinas
3556305;Valparaíso;RA de Araçatuba;1;7;Araçatuba;Demais municípios
3556354;Vargem;RA de Campinas;4;3;Campinas;Demais municípios
3556404;Vargem Grande do Sul;RA de Campinas;4;14;São João da Boa Vista;Demais municípios
3556453;Vargem Grande Paulista;Região Metropolitana de São Paulo;10;10;Grande São Paulo;RM de São Paulo
3556503;Várzea Paulista;RA de Campinas;4;3;Campinas;Demais municípios
3556602;Vera Cruz;RA de Marília;8;5;Marília;Demais municípios
3556701;Vinhedo;RA de Campinas;4;3;Campinas;RM de Campinas
3556800;Viradouro;RA de Barretos;2;16;Barretos;Demais municípios
3556909;Vista Alegre do Alto;RA de Barretos;2;16;Barretos;Demais municípios
3556958;Vitória Brasil;RA de São José do Rio Preto;14;15;São José do Rio Preto;Demais municípios
3557006;Votorantim;RA de Sorocaba;13;6;Sorocaba;RM de Sorocaba
3557105;Votuporanga;RA de São José do Rio Preto;14;15;São José do Rio Preto;Demais municípios
3557154;Zacarias;RA de São José do Rio Preto;14;15;São José do Rio Preto;Demais municípios
3557204;Chavantes;RA de Marília;8;5;Marília;Demais municípios
3557303;Estiva Gerbi;RA de Campinas;4;14;São João da Boa Vista;Demais municípios
